
insert into pacienti values ('kasltrina', 'shala','10-12-2001', 'peje', 'mark Krasniqi', 'F' )--1
insert into pacienti values ('gent', 'berisha',' 02-11-2000', 'ferizaj', '12 Qershori', 'M' )--2
insert into pacienti values ('ardian','agusholli','05-09-1995', 'peje', '	Enver Gashi', 'M' )--3
insert into pacienti values ('linda', 'byqmeti','02-04-1989', 'gjilan', 'Elmi Kameri', 'F' )--4
insert into pacienti values ('Kumrie', 'gashi','04-07-1965', 'peje', '7 Marsi', 'F' )--5
insert into pacienti values ('selman', 'sejdiu','07-12-1956', 'prishtine', '	Afrim Syla', 'M' )--6
insert into pacienti values ('izet', 'lokaj','01-02-1960', 'Prizeren', 'Gjergj Fishta', 'M' )--7
insert into pacienti values ('Gjylfidon', 'zhuti','10-07-1967', 'prishtine', 'Hasan Prishtina', 'F' )--8
insert into pacienti values ('Dorina', 'Balaj','07-10-1975', 'peje', 'Ibrahim Rugova', 'F' )--9
insert into pacienti values ('Shqipe', 'Pelaj','06-06-1970', 'rahovec', '	Pavarësia', 'F' )--10
insert into pacienti values ('Mark', 'Lajqi','10-12-1958', 'peje', '28 Nentori', 'M' )--11
insert into pacienti values ('Blerim', 'rexha','10-07-1990', 'prishtine', 'Uran Jeti', 'M' )--12
insert into pacienti values ('Bekim', 'Govori','10-12-1980', 'Prishtine', 'Afrim Syla', 'M' )--13
insert into pacienti values ('Dafina', 'balaj','10-12-1990', 'istog','Mehmet Mustafa','F')--14
insert into pacienti values ('Asdren','veseli','02-09-1989', 'gjilan', 'Nënë Tereza', 'M' )--15
insert into pacienti values ('Arbnesha', 'Zekaj','01-07-1965', 'peje', 'gjergjj Fisha', 'F' )--16
insert into pacienti values ('gentrit', ' gashi','02-12-1990', 'istog', 'Naim Gashi', 'M')--17
insert into pacienti values ('linda', 'byqmeti','02-04-1989', 'gjilan', 'Elmi Kameri', 'F' )--18
insert into pacienti values ('sara', 'kollqaku','02-04-1995', 'Ferizaj', 'Skenderbeu', 'F' )--19
insert into pacienti values ('sara', 'hozha','03-04-1990', 'rahovec', 'mark krssniqi', 'F' )--20




insert into email values ('filiza.kastrati@gmail.com',1)
insert into email values ('gent.berisha@gmail.com',2)
insert into email values ('Ardiaa1@hotmail.com',4)
insert into email values ('ardian45@hotmail.com',3)
insert into email values ('lindiegashi@gmail.com',5)
insert into email values ('s_sejdiu@hotmail.com',6)
insert into email values ('izetlokaj@gmail.com',7)
insert into email values ('zhuti1@gmail.com',8)
insert into email values ('dbalaj@hotmail.com',9)
insert into email values ('shqipe_p@hotmail.com',10)
insert into email values ('Mark@hotmail.com',11)
insert into email values ('blerimrexha@hotmail.com',12)
insert into email values ('bekimgovori@hotmail.com',13)
insert into email values ('dafinaa@hotmail.com',14)
insert into email values ('asdren1@hotmail.com',15)
insert into email values ('arbneshaz@hotmail.com',16)
insert into email values ('dianaberisha@hotmail.com',17)

--            idStaf, emri, dataLindjes, gjinia, data_pranimit, dataLargimit, OrariPunes,llojistafit menaxhuesi)
insert into stafi values (001, 'Florim', '12-12-1970','M', '05-09-1990', null, '08:00-17:00','doktorr',0101)
insert into stafi values (002, 'Samire', '01-03-1965','F', '05-09-1990', null, '08:00-17:00', 'doktorr', 0101)
insert into stafi values (003, 'dafina', '05-04-1990','F',  '07-12-2010', null, '17:00-08:00','doktorr',0101)
insert into stafi values (004, 'Agim',  ' 01-10-1980','M', '10-07-2005',  null, '17:00-08:00','doktorr',0101)
insert into stafi values (005, 'cene',   '10-11-1957','M', '07-09-1990', null, '08:00-17:00','doktorr',0101)
insert into stafi values (006, 'blerim', '07-07-1989','M', '01-09-2011', null, '08:00-17:00','doktorr',0101)
insert into stafi values (007, 'Lule', '08-07-1970','F', '05-07-2001', null, '08:00-17:00','doktorr',0101)
insert into stafi values (008, 'Greta', '04-07-1980','F', '01-01-2012', null, '08:00-17:00','doktorr',0101)
insert into stafi values (009, 'lavdim', '02-05-1987','M', '05-09-2007', null, '08:00-17:00','doktorr',0101)
insert into stafi values (010, 'Diellza', '01-02-1992','F', '05-09-2017', null, '08:00-17:00','doktorr',0101)
insert into stafi values (011, 'Greton', '04-07-1990','M', '07-12-2020', null, '08:00-17:00','doktorr',0101)
insert into stafi values (012, 'Besa', '03-03-1987','F', '03-07-2001', null, '08:00-17:00','doktorr',0101)
insert into stafi values (013, 'Modesta', '02-02-1996','F', '05-09-2019', null, '08:00-17:00','infermier',0101)
insert into stafi values (014, 'Florina', '04-07-1970','F', '02-03-2013', null, '17:00-08:00','infermier',0101)
insert into stafi values (015, 'Zekia', '02-07-1965','F', '05-09-1990','01-01-2020','17:00-08:00','infermier',0101)
insert into stafi values (016, 'Rita', '01-02-1986','F', '05-09-2007', '02-08-2016', '08:00-17:00','infermier',0101)
insert into stafi values (017, 'Besiana', '04-07-1965','F', '04-09-1990', null, '08:00-17:00','infermier',0101)
insert into stafi values (018, 'Natyra', '04-07-1965','F', '05-08-1990', null, '08:00-17:00','infermier',0101)
insert into stafi values (019, 'Milot', '02-07-1991','M', '05-09-2020', null, '17:00-08:00','infermier',0101)
insert into stafi values (020, 'Valton', '01-11-1985','M', '05-09-2006', null, '08:00-17:00','infermier',0101)
insert into stafi values (021, 'Lirim', '04-07-1968','M', '05-09-1998', '05-12-2011', '17:00-08:00','infermier',0101)
insert into stafi values (022, 'Besian', '04-08-1987','F', '05-09-2008', null, '08:00-17:00','infermier',0101)
insert into stafi values (023, 'diana', '09-08-1990','F', '05-09-2012', null, '17:00-08:00','infermier',0101)
insert into stafi values (024, 'elona', '07-08-1980','F', '05-09-2011', null, '08:00-17:00','infermier',0101)
insert into stafi values (025, 'shqipdon', '01-08-1993','M', '05-09-2010', null, '17:00-08:00','infermier',0101)
insert into stafi values (026, 'florentina', '02-07-1990','F', '05-09-1990', null, '08:00-17:00','infermier',0101)
insert into stafi values (027, 'Leart', '04-02-1985','M', '03-09-1999', null, '08:00-17:00','recepcionist',0101)
insert into stafi values (028, 'Klea', '04-07-1965','M', '05-09-1990', null, '08:00-17:00','recepcionist',0101)
insert into stafi values (029, 'Kastriot', '05-07-1995','M', '06-08-2000', null, '08:00-17:00','recepcionist',0101)
insert into stafi values (030, 'Vehbi', '04-07-1965','M', '06-09-1980', null, '08:00-17:00','recepcionist',0101)
insert into stafi values (031, 'Arbana', '04-07-1965','M', '09-09-1991', null, '08:00-17:00','recepcionist',0101)
insert into stafi values (032, 'Ariona', '04-07-1965','M', '10-03-1992', null, '08:00-17:00','recepcionist',0101)
insert into stafi values (033, 'Anesa', '08-07-1969','M', '05-02-1993', null, '17:00-08:00','recepcionist',0101)
insert into stafi values (034, 'Ariola', '09-07-1965','M', '12-01-2000', null, '08:00-17:00','recepcionist',0101)
insert into stafi values (035, 'Viola', '08-07-1965','M', '10-07-1996', null, '17:00-08:00','recepcionist',0101)
insert into stafi values (036, 'Vanesa', '11-07-1965','M', '01-05-1995', null, '08:00-17:00','recepcionist',0101)
insert into stafi values (037, 'Malia', '12-07-1965','M', '02-06-1998', null, '08:00-17:00','recepcionist',0101)
insert into stafi values (038, 'Enes', '10-07-1965','M', '03-03-1999', null, '17:00-08:00','recepcionist',0101)
insert into stafi values (039, 'Kosovare', '10-07-1965','M', '05-09-1991', null, '08:00-17:00','recepcionist',0101)
insert into stafi values (040, 'Suad', '04-02-1995','M', '03-09-1991', null, '08:00-17:00','pastrues',0101)
insert into stafi values (041, 'Sara', '04-02-1995','M', '01-10-1992', null, '17:00-08:00','pastrues',0101)
insert into stafi values (042, 'Endrit', '04-02-1995','M', '02-12-1999', null, '08:00-17:00','pastrues',0101)
insert into stafi values (043, 'Sokol', '05-02-1995','M', '03-11-1999', null, '08:00-17:00','pastrues',0101)
insert into stafi values (044, 'Ana', '03-10-1995','M', '04-01-1999', null, '17:00-08:00','pastrues',0101)
insert into stafi values (045, 'Elsa', '04-02-1995','M', '05-03-1996', null, '08:00-17:00','pastrues',0101)
insert into stafi values (046, 'Melisa', '09-12-1989','M', '03-02-1990', null, '17:00-08:00','pastrues',0101)
insert into stafi values (047, 'Alea', '01-02-1992','M', '03-05-1994', null, '08:00-17:00','pastrues',0101)
insert into stafi values (048, 'Jora', '04-01-1993','M', '03-04-1996', null, '17:00-08:00','pastrues',0101)
insert into stafi values (049, 'Denisa', '07-02-1987','M', '03-09-1990', null, '08:00-17:00','pastrues',0101)
insert into stafi values (050, 'Maldrit', '04-02-1995','M', '03-09-1999', null, '08:00-17:00','kuzhiner',0101)
insert into stafi values (051, 'Anila', '04-02-1995','M', '01-10-1999', null, '08:00-17:00','kuzhiner',0101)
insert into stafi values (052, 'Endrita', '04-02-1995','M', '02-12-1999', null, '08:00-17:00','kuzhiner',0101)
insert into stafi values (053, 'Zana', '04-02-1995','M', '03-11-1999', null, '08:00-17:00','kuzhiner',0101)
insert into stafi values (054, 'Leila', '04-02-1995','M', '04-01-1999', null, '08:00-17:00','kuzhiner',0101)
insert into stafi values (055, 'Era', '04-02-1995','M', '05-03-1999', null, '08:00-17:00','kuzhiner',0101)
insert into stafi values (056, 'Ari', '04-02-1989','M', '03-02-1999', null, '08:00-17:00','kuzhiner',0101)
insert into stafi values (057, 'Adonis', '04-02-1992','M', '03-05-1999', null, '08:00-17:00','kuzhiner',0101)
insert into stafi values (058, 'Auron', '04-02-1993','M', '03-04-2000', null, '08:00-17:00','kuzhiner',0101)
insert into stafi values (059, 'Aurona', '04-02-1987','M', '03-09-1999', null, '08:00-17:00','kuzhiner',0101)
insert into stafi values (0101,'Gresa', '05-12-1990','F', '03-09-2005', null, '08:00-17:00','Menaxher', 0101)
insert into stafi values (060,'Hasan', '02-12-1995','M', '03-09-2000', null, '08:00-17:00','Menaxher',0101)
insert into stafi values (061,'Agim',' 02-11-1980','M', '03-09-2001', '02-12-2001', '08:00-17:00','Menaxher',0101)
insert into stafi values (062,'Muhamed', '02-12-1950','M', '03-09-2004', '03-09-2004', '08:00-17:00','Menaxher',0101)
insert into stafi values (063,'Ilire', '03-12-1950','F', '03-10-2004', '03-09-2005', '08:00-17:00','Menaxher',0101)
insert into stafi values (064,'Roan', '02-12-1950','M', '03-09-2005', '03-09-2006', '08:00-17:00','Menaxher',0101)
insert into stafi values (065,'Ilirian', '03-12-1952','M', '03-10-2006', '03-11-2006', '08:00-17:00','Menaxher',0101)
insert into stafi values (066,'Riana', '02-12-1950','F', '03-09-2005', '01-09-2006', '08:00-17:00','Menaxher',0101)
insert into stafi values (067,'Floriana', '02-12-1952','F', '08-09-2007', '03-09-2009', '08:00-17:00','Menaxher',0101)
insert into stafi values (068,'Ilirian', '03-09-1952','M', '03-10-2006', '03-11-2006', '08:00-17:00','Menaxher',0101)
insert into stafi values (069,'Riana', '02-12-1943','F', '03-09-2005', '03-09-2006', '08:00-17:00','Menaxher',0101)

insert into doktori(dokId,specializon,paga) values (001,'traumatologji',4.4288)
insert into doktori(dokId,specializon,paga) values (002,'ortopedi',3.5431)
insert into doktori(dokId,specializon,paga) values (003,'ortopedi',3.5431)
insert into doktori(dokId,specializon,paga) values (004,'traumatologji',4.4288)
insert into doktori(dokId,specializon,paga) values (005,'traumatologji',4.4288)
insert into doktori(dokId,specializon,paga) values (006,'traumatologji',4.4288)
insert into doktori(dokId,specializon,paga) values (007,'ortopedi',3.5431)
insert into doktori(dokId,specializon,paga) values (008,'traumatologji',4.4288)
insert into doktori(dokId,specializon,paga) values (009,'ortopedi',3.5431)
insert into doktori(dokId,specializon,paga) values (010,'traumatologji',4.4288)
insert into doktori(dokId,specializon,paga) values (011,'ortopedi',3.5431)
insert into doktori(dokId,specializon,paga) values (012,'ortopedi',3.5431)

insert into Recepcionisti(idRecepcionisti,lloji,paga) values (027,'arkatar',570)
insert into Recepcionisti(idRecepcionisti,lloji,paga) values (028,'arkatar',570)
insert into Recepcionisti(idRecepcionisti,lloji,paga) values (029,'regjistron-arkatar',570)
insert into Recepcionisti(idRecepcionisti,lloji,paga) values (030,'arkatar',570)
insert into Recepcionisti(idRecepcionisti,lloji,paga) values (031,'regjistron-arkatar',570)
insert into Recepcionisti(idRecepcionisti,lloji,paga) values (032,'arkatar',570)
insert into Recepcionisti(idRecepcionisti,lloji,paga) values (033,'regjistron-arkatar',570)
insert into Recepcionisti(idRecepcionisti,lloji,paga) values (034,'arkatar',570)
insert into Recepcionisti(idRecepcionisti,lloji,paga) values (035,'regjistron-arkatar',570)
insert into Recepcionisti(idRecepcionisti,lloji,paga) values (036,'arkatar',570)
insert into Recepcionisti(idRecepcionisti,lloji,paga) values (037,'regjistron-arkatar',570)
insert into Recepcionisti(idRecepcionisti,lloji,paga) values (038,'arkatar',570)
insert into Recepcionisti(idRecepcionisti,lloji,paga) values (039,'regjistron-arkatar',570)

insert into Kuzhinieret(idKuzhinieret,paga) values (050,500)
insert into Kuzhinieret(idKuzhinieret,paga) values (051,500)
insert into Kuzhinieret(idKuzhinieret,paga) values (052,500)
insert into Kuzhinieret(idKuzhinieret,paga) values (053,500)
insert into Kuzhinieret(idKuzhinieret,paga) values (054,500)
insert into Kuzhinieret(idKuzhinieret,paga) values (055,500)
insert into Kuzhinieret(idKuzhinieret,paga) values (056,500)
insert into Kuzhinieret(idKuzhinieret,paga) values (057,500)
insert into Kuzhinieret(idKuzhinieret,paga) values (058,500)
insert into Kuzhinieret(idKuzhinieret,paga) values (059,500)

insert into pastruesi(idpastruesi,lloji,paga) values(040,'pastron dhomat', 200)
insert into pastruesi(idpastruesi,lloji,paga) values(041,'pastron sallat', 230)
insert into pastruesi(idpastruesi,lloji,paga) values(042,'pastron koridoret', 340)
insert into pastruesi(idpastruesi,lloji,paga) values(043,'pastron sallat', 450)
insert into pastruesi(idpastruesi,lloji,paga) values(044,'pastron sallat', 250)
insert into pastruesi(idpastruesi,lloji,paga) values(045,'pastron koridet', 210)
insert into pastruesi(idpastruesi,lloji,paga) values(046,'pastron dhomat', 370)
insert into pastruesi(idpastruesi,lloji,paga) values(047,'pastron dhomat', 210)
insert into pastruesi(idpastruesi,lloji,paga) values(048,'pastron sallat', 500)
insert into pastruesi(idpastruesi,lloji,paga) values(049,'pastron dhomat', 400)

insert into menaxheri(idMenaxheri,paga) values(0101,1500)
insert into menaxheri(idMenaxheri,paga) values(060,1500)
insert into menaxheri(idMenaxheri,paga) values(061,1500)
insert into menaxheri(idMenaxheri,paga) values(062,1500)
insert into menaxheri(idMenaxheri,paga) values(063,1500)
insert into menaxheri(idMenaxheri,paga) values(064,1500)
insert into menaxheri(idMenaxheri,paga) values(065,1500)
insert into menaxheri(idMenaxheri,paga) values(066,1500)
insert into menaxheri(idMenaxheri,paga) values(067,1500)
insert into menaxheri(idMenaxheri,paga) values(068,1500)
insert into menaxheri(idMenaxheri,paga) values(069,1500)

insert into dhoma(idDhoma,nrShtreterve ) values (101,4)
insert into dhoma(idDhoma,nrShtreterve ) values (102,3)
insert into dhoma(idDhoma,nrShtreterve ) values (103,2)
insert into dhoma(idDhoma,nrShtreterve ) values (107,4)
insert into dhoma(idDhoma,nrShtreterve ) values (104,7)
insert into dhoma(idDhoma,nrShtreterve ) values (105,8)
insert into dhoma(idDhoma,nrShtreterve ) values (106,4)
insert into dhoma(idDhoma,nrShtreterve ) values (108,4)
insert into dhoma(idDhoma,nrShtreterve ) values (109,4)
insert into dhoma(idDhoma,nrShtreterve ) values (110,3)
insert into dhoma(idDhoma,nrShtreterve ) values (111,2)
insert into dhoma(idDhoma,nrShtreterve ) values (112,4)

insert into infermieri(idInfermieri,dhoma,paga) values (13,101,600)
insert into infermieri(idInfermieri,dhoma,paga) values (14,102,650)
insert into infermieri(idInfermieri,dhoma,paga) values (15,103,600)
insert into infermieri(idInfermieri,dhoma,paga) values (16,104,600)
insert into infermieri(idInfermieri,dhoma,paga) values (17,105,630)
insert into infermieri(idInfermieri,dhoma,paga) values (18,108,640)
insert into infermieri(idInfermieri,dhoma,paga) values (19,107,700)
insert into infermieri(idInfermieri,dhoma,paga) values (20,108,700)
insert into infermieri(idInfermieri,dhoma,paga) values (21,109,600)
insert into infermieri(idInfermieri,dhoma,paga) values (22,102,620)
insert into infermieri(idInfermieri,dhoma,paga) values (23,110,550)
insert into infermieri(idInfermieri,dhoma,paga) values (24,108,750)
insert into infermieri(idInfermieri,dhoma,paga) values (25,110,615)
insert into infermieri(idInfermieri,dhoma,paga) values (26,109,530)

insert into Kuzhinieret(idKuzhinieret) values (49)
insert into Kuzhinieret(idKuzhinieret) values (50)
insert into Kuzhinieret(idKuzhinieret) values (51)
insert into Kuzhinieret(idKuzhinieret) values (52)
insert into Kuzhinieret(idKuzhinieret) values (53)
insert into Kuzhinieret(idKuzhinieret) values (54)
insert into Kuzhinieret(idKuzhinieret) values (55)
insert into Kuzhinieret(idKuzhinieret) values (56)
insert into Kuzhinieret(idKuzhinieret) values (57)
insert into Kuzhinieret(idKuzhinieret) values (58)
            
insert into pacienti_recepcionist(Pacienti, Recepcionisti) values (1, 028)
insert into pacienti_recepcionist(Pacienti, Recepcionisti) values (2, 031)
insert into pacienti_recepcionist(Pacienti, Recepcionisti) values (3, 034)
insert into pacienti_recepcionist(Pacienti, Recepcionisti) values (4, 035)
insert into pacienti_recepcionist(Pacienti, Recepcionisti) values (5, 036)
insert into pacienti_recepcionist(Pacienti, Recepcionisti) values (6, 037)
insert into pacienti_recepcionist(Pacienti, Recepcionisti) values (7, 038)
insert into pacienti_recepcionist(Pacienti, Recepcionisti) values (8, 039)
insert into pacienti_recepcionist(Pacienti, Recepcionisti) values (8, 030)
insert into pacienti_recepcionist(Pacienti, Recepcionisti) values (8, 039)
insert into pacienti_recepcionist(Pacienti, Recepcionisti) values (9, 027)
insert into pacienti_recepcionist(Pacienti, Recepcionisti) values (9, 029)
insert into pacienti_recepcionist(Pacienti, Recepcionisti) values (10, 034)
insert into pacienti_recepcionist(Pacienti, Recepcionisti) values (10, 030)
insert into pacienti_recepcionist(Pacienti, Recepcionisti) values (11, 031)
insert into pacienti_recepcionist(Pacienti, Recepcionisti) values (11, 035)
insert into pacienti_recepcionist(Pacienti, Recepcionisti) values (12, 032)
insert into pacienti_recepcionist(Pacienti, Recepcionisti) values (12, 037)
insert into pacienti_recepcionist(Pacienti, Recepcionisti) values (13, 033)
insert into pacienti_recepcionist(Pacienti, Recepcionisti) values (13, 029)
insert into pacienti_recepcionist(Pacienti, Recepcionisti) values (14, 027)
insert into pacienti_recepcionist(Pacienti, Recepcionisti) values (15, 028)
insert into pacienti_recepcionist(Pacienti, Recepcionisti) values (16, 039)
insert into pacienti_recepcionist(Pacienti, Recepcionisti) values (8, 030)
insert into pacienti_recepcionist(Pacienti, Recepcionisti) values (9, 027)
insert into pacienti_recepcionist(Pacienti, Recepcionisti) values (11, 035)
insert into pacienti_recepcionist(Pacienti, Recepcionisti) values (14, 030)
insert into pacienti_recepcionist(Pacienti, Recepcionisti) values (15, 027)
insert into pacienti_recepcionist(Pacienti, Recepcionisti) values (16, 039)


--(idPacienti, idDiagnoza,semundja, Shtrihet_dhom ,operacioni,analizat,doktori)
insert into diagnoza  values(1,300,'Morbus pot,','PO','JO','te gjakut',001, 'jo')
insert into diagnoza  values(2,301,'Tumor i eshterave,','PO','PO','te pergjithshmet',003, 'po')
insert into diagnoza  values(3,302,'Dëmtimi I miniskusit,','PO','PO','te pergjithshmet',001, 'jo')
insert into diagnoza  values(4,303,'Infeksionet e eshtrave dhe te nyjeve,','PO','PO','te pergjithshme',007, 'jo')
insert into diagnoza  values(5,304,'nyjet joreale dhe moszhvillimi I eshtrave','jo','JO',null,005, 'jo')
insert into diagnoza  values(6,305,'Nevoja për rehabilitim,','JO','JO',null,004, 'jo')
insert into diagnoza  values(7,306,'Protezë totale e gjurit','PO','PO','Te pergjithshme',011, 'jo')
insert into diagnoza  values(8,307,'Fraktura të calcaneus','PO','PO','Te pergjithshme',009, 'po')
insert into diagnoza  values(9,308,'Deformime te shpines ','PO','PO','Te pergjithshme',005, 'po')
insert into diagnoza  values(10,309,'Deformacione Ortopedike','PO','PO','Te pergjithshme',003, 'jo')
insert into diagnoza  values(11,310,'Trauma Spinale','PO','PO','Te pergjithshme',004, 'jo')
insert into diagnoza  values(12,311,'Rupturat e ACL dhe PLC','PO','PO','Te pergjithshme',010, 'jo')
insert into diagnoza  values(13,312,'Spondilolisteza','PO','PO','Te pergjithshme',008, 'po')
insert into diagnoza  values(14,313,'Tumore spinale','PO','PO','Te pergjithshme',007, 'po')
insert into diagnoza  values(15,314,'Dëmtimi I miniskusit','PO','PO','Te pergjithshme',012, 'jo')
insert into diagnoza  values(16,315,'Nevoja për rehabilitim','PO','PO','Te pergjithshme',010, 'po')
insert into diagnoza  values(17,316,'pev','PO','PO','Te pergjithshme',002, 'jo')
insert into diagnoza  values(6,317,'Nevoja për rehabilitim','JO','JO',null,003, 'jo')
insert into diagnoza  values(1,318,'Nevoja për rehabilitim','JO','JO',null,004, 'jo')

insert into medikamentet(idMedikamentet,emriMedikamentit,cmimi,doza) values (201, 'Viscosupplementation',12.0,'400mg')--DONE
insert into medikamentet(idMedikamentet,emriMedikamentit,cmimi,doza) values (202, 'Muscle relaxants',10.0,'100mg')
insert into medikamentet(idMedikamentet,emriMedikamentit,cmimi,doza) values (203, 'Osteoporosis treatment',9.5,'200mg')
insert into medikamentet(idMedikamentet,emriMedikamentit,cmimi,doza) values (204, 'aspirin',12.0,'100mg')
insert into medikamentet(idMedikamentet,emriMedikamentit,cmimi,doza) values (205, 'Pennsaid ',20.0,'100mg')
insert into medikamentet(idMedikamentet,emriMedikamentit,cmimi,doza) values (206, 'orphenadrineER',19.0,'500mg')
insert into medikamentet(idMedikamentet,emriMedikamentit,cmimi,doza) values (207, 'ibandronate',18.2,'1000mg')
insert into medikamentet(idMedikamentet,emriMedikamentit,cmimi,doza) values (208, 'calcitonin ',20.5,'800mg')
insert into medikamentet(idMedikamentet,emriMedikamentit,cmimi,doza) values (209, 'zoledronic acid ',12.7,'100mg')
insert into medikamentet(idMedikamentet,emriMedikamentit,cmimi,doza) values (210, 'risedronate ',14.5,'200mg')

insert into dhoma_diagnoza(idDiagnoza,idPacienti,Dhoma)values (300,1,101)--25
insert into dhoma_diagnoza(idDiagnoza,idPacienti,Dhoma)values(301,2,101)
insert into dhoma_diagnoza(idDiagnoza,idPacienti,Dhoma)values(302,3,112)
insert into dhoma_diagnoza(idDiagnoza,idPacienti,Dhoma)values(302,3,101)
insert into dhoma_diagnoza(idDiagnoza,idPacienti,Dhoma)values(303,4,112)
--insert into dhoma_diagnoza(idDiagnoza,idPacienti,Dhoma)values(304,5)
--insert into dhoma_diagnoza(idDiagnoza,idPacienti,Dhoma) values(305,6)
insert into dhoma_diagnoza(idDiagnoza,idPacienti,Dhoma) values(306,7,103)
insert into dhoma_diagnoza(idDiagnoza,idPacienti,Dhoma) values(307,8,104)
insert into dhoma_diagnoza(idDiagnoza,idPacienti,Dhoma) values(308,9,105)
insert into dhoma_diagnoza(idDiagnoza,idPacienti,Dhoma) values(309,10,106)
insert into dhoma_diagnoza(idDiagnoza,idPacienti,Dhoma) values(310,11,104)
insert into dhoma_diagnoza(idDiagnoza,idPacienti,Dhoma) values(310,11,107)
insert into dhoma_diagnoza(idDiagnoza,idPacienti,Dhoma) values(311,12,108)
insert into dhoma_diagnoza(idDiagnoza,idPacienti,Dhoma) values(311,12,102)
insert into dhoma_diagnoza(idDiagnoza,idPacienti,Dhoma) values(312,13,109)
insert into dhoma_diagnoza(idDiagnoza,idPacienti,Dhoma) values(313,14,107)
insert into dhoma_diagnoza(idDiagnoza,idPacienti,Dhoma) values(313,14,110)
insert into dhoma_diagnoza(idDiagnoza,idPacienti,Dhoma) values(314,15,106)
insert into dhoma_diagnoza(idDiagnoza,idPacienti,Dhoma) values(314,15,108)
insert into dhoma_diagnoza(idDiagnoza,idPacienti,Dhoma) values(315,16,105)
insert into dhoma_diagnoza(idDiagnoza,idPacienti,Dhoma) values(315,16,109)
insert into dhoma_diagnoza(idDiagnoza,idPacienti,Dhoma) values(316,17,104)
insert into dhoma_diagnoza(idDiagnoza,idPacienti,Dhoma) values(316,17,110)

insert into Diagnoza_Medikamentet (idPacienti,idDiagnoza,idMedikamentet,doza) values(1,300,201,'100mg')
insert into Diagnoza_Medikamentet (idPacienti,idDiagnoza,idMedikamentet,doza) values(2,301,202,'100mg')
insert into Diagnoza_Medikamentet (idPacienti,idDiagnoza,idMedikamentet,doza) values(2,301,203,null)
insert into Diagnoza_Medikamentet (idPacienti,idDiagnoza,idMedikamentet,doza) values(3,302,203,'200mg')
insert into Diagnoza_Medikamentet (idPacienti,idDiagnoza,idMedikamentet,doza) values(4,303,204,'300mg')
insert into Diagnoza_Medikamentet (idPacienti,idDiagnoza,idMedikamentet,doza) values(5,304,205,'100mg')
insert into Diagnoza_Medikamentet (idPacienti,idDiagnoza,idMedikamentet,doza) values(6,305,205,'100mg')
insert into Diagnoza_Medikamentet (idPacienti,idDiagnoza,idMedikamentet,doza) values(7,306,207,'200mg')
insert into Diagnoza_Medikamentet (idPacienti,idDiagnoza,idMedikamentet,doza) values(8,307,208,'400mg')
insert into Diagnoza_Medikamentet (idPacienti,idDiagnoza,idMedikamentet,doza) values(9,308,203,null)
insert into Diagnoza_Medikamentet (idPacienti,idDiagnoza,idMedikamentet,doza) values(10,309,205,'500mg')
insert into Diagnoza_Medikamentet (idPacienti,idDiagnoza,idMedikamentet,doza) values(11,310,203,'300mg')
insert into Diagnoza_Medikamentet (idPacienti,idDiagnoza,idMedikamentet,doza) values(12,311,202,'400mg')
insert into Diagnoza_Medikamentet (idPacienti,idDiagnoza,idMedikamentet,doza) values(13,312,205,'200mg')
insert into Diagnoza_Medikamentet (idPacienti,idDiagnoza,idMedikamentet,doza) values(14,313,209,'300mg')
insert into Diagnoza_Medikamentet (idPacienti,idDiagnoza,idMedikamentet,doza) values(15,314,207,'600mg')
insert into Diagnoza_Medikamentet (idPacienti,idDiagnoza,idMedikamentet,doza) values(16,315,203,'500mg')
insert into Diagnoza_Medikamentet (idPacienti,idDiagnoza,idMedikamentet,doza) values(17,316,201,'200mg')
insert into Diagnoza_Medikamentet (idPacienti,idDiagnoza,idMedikamentet,doza) values(11,310,205,null)
insert into Diagnoza_Medikamentet (idPacienti,idDiagnoza,idMedikamentet,doza) values(12,311,204,'600mg')
insert into Diagnoza_Medikamentet (idPacienti,idDiagnoza,idMedikamentet,doza) values(13,312,208,'100mg')
insert into Diagnoza_Medikamentet (idPacienti,idDiagnoza,idMedikamentet,doza) values(14,313,207,'700mg')
insert into Diagnoza_Medikamentet (idPacienti,idDiagnoza,idMedikamentet,doza) values(15,314,203,null)
insert into Diagnoza_Medikamentet (idPacienti,idDiagnoza,idMedikamentet,doza) values(16,315,202,'800mg')
insert into Diagnoza_Medikamentet (idPacienti,idDiagnoza,idMedikamentet,doza) values(17,316,204,'900mg')

insert into intervali (idPacienti,idDiagnoza,idMedikamentet,nr_intervali,intervali_kohor) values(1,300,201,600,'09:00 dhe 21:00')
--insert into intervali (idPacienti,idDiagnoza,idMedikamentet,nr_intervali,intervali_kohor) values(2,301,202,601,'21:00 ')
insert into intervali (idPacienti,idDiagnoza,idMedikamentet,nr_intervali,intervali_kohor) values(3,302,203,602,'09:00 dhe 21:00')
insert into intervali (idPacienti,idDiagnoza,idMedikamentet,nr_intervali,intervali_kohor) values(4,303,203,604,'09:00d he 21:00')
insert into intervali (idPacienti,idDiagnoza,idMedikamentet,nr_intervali,intervali_kohor) values(5,304,205,604,'09:00 dhe 21:00')
insert into intervali (idPacienti,idDiagnoza,idMedikamentet,nr_intervali,intervali_kohor) values(6,305,205,605,'09:00')
insert into intervali (idPacienti,idDiagnoza,idMedikamentet,nr_intervali,intervali_kohor) values(7,306,207,606,'09:00 dhe 21:00')
insert into intervali (idPacienti,idDiagnoza,idMedikamentet,nr_intervali,intervali_kohor) values(8,307,208,607,'09:00')
insert into intervali (idPacienti,idDiagnoza,idMedikamentet,nr_intervali,intervali_kohor) values(9,308,203,608,'09:00')
insert into intervali (idPacienti,idDiagnoza,idMedikamentet,nr_intervali,intervali_kohor) values(10,309,205,609,'09:00 dhe 21:00')
insert into intervali (idPacienti,idDiagnoza,idMedikamentet,nr_intervali,intervali_kohor) values(11,310,205,610,'09:00')
--insert into intervali (idPacienti,idDiagnoza,idMedikamentet,nr_intervali,intervali_kohor) values(12,311,204,611,'21:00')
insert into intervali (idPacienti,idDiagnoza,idMedikamentet,nr_intervali,intervali_kohor) values(13,312,208,612,'09:00 dhe 21:00')
insert into intervali (idPacienti,idDiagnoza,idMedikamentet,nr_intervali,intervali_kohor) values(14,313,207,613,'09:00')
insert into intervali (idPacienti,idDiagnoza,idMedikamentet,nr_intervali,intervali_kohor) values(15,314,203,614,'09:00 dhe 21:00')
--insert into intervali (idPacienti,idDiagnoza,idMedikamentet,nr_intervali,intervali_kohor) values(16,315,202,615,'21:00')
insert into intervali (idPacienti,idDiagnoza,idMedikamentet,nr_intervali,intervali_kohor) values(17,316,204,616,'09:00 dhe 21:00')

insert into Departamenti(idDepartamenti,emri_departamentit) values (800,'Ortopedi dhe traumatologji')
insert into Departamenti(idDepartamenti,emri_departamentit) values (801,'Emergjenca')
insert into Departamenti(idDepartamenti,emri_departamentit) values (802,'Gjinokoligjia')
insert into Departamenti(idDepartamenti,emri_departamentit) values (803,'Psikologjia')
insert into Departamenti(idDepartamenti,emri_departamentit) values (804,'ENDOKRINOLOGJIA')
insert into Departamenti(idDepartamenti,emri_departamentit) values (805,'KARDIOKIRURGJIA')
insert into Departamenti(idDepartamenti,emri_departamentit) values (806,'ALERGOLOGJIA')
insert into Departamenti(idDepartamenti,emri_departamentit) values (807,'FIZIOTERAPIA')
insert into Departamenti(idDepartamenti,emri_departamentit) values (808,'GASTROENTEROLOGJIA')
insert into Departamenti(idDepartamenti,emri_departamentit) values (809,'HEMATOLOGJIA')
insert into Departamenti(idDepartamenti,emri_departamentit) values (810,'NEUROLOGJIA')

insert into stafi_sallat_departamenti(idDepartamenti,idSalles,idStaf) values (800,500,12)
insert into stafi_sallat_departamenti(idDepartamenti,idSalles,idStaf) values (808,500,11)
insert into stafi_sallat_departamenti(idDepartamenti,idSalles,idStaf) values (805,500,14)
insert into stafi_sallat_departamenti(idDepartamenti,idSalles,idStaf) values (807,502,24)
insert into stafi_sallat_departamenti(idDepartamenti,idSalles,idStaf) values (806,500,22)
insert into stafi_sallat_departamenti(idDepartamenti,idSalles,idStaf) values (804,501,17)
insert into stafi_sallat_departamenti(idDepartamenti,idSalles,idStaf) values (810,500,18)
insert into stafi_sallat_departamenti(idDepartamenti,idSalles,idStaf) values (801,500,19)
insert into stafi_sallat_departamenti(idDepartamenti,idSalles,idStaf) values (802,501,20)
insert into stafi_sallat_departamenti(idDepartamenti,idSalles,idStaf) values (803,500,25)
insert into stafi_sallat_departamenti(idDepartamenti,idSalles,idStaf) values (810,502,15)
insert into stafi_sallat_departamenti(idDepartamenti,idSalles,idStaf) values (809,500,12)
insert into stafi_sallat_departamenti(idDepartamenti,idSalles,idStaf) values (803,502,14)
insert into stafi_sallat_departamenti(idDepartamenti,idSalles,idStaf) values (807,500,22)
insert into stafi_sallat_departamenti(idDepartamenti,idSalles,idStaf) values (803,502,22)
insert into stafi_sallat_departamenti(idDepartamenti,idSalles,idStaf) values (805,501,15)
insert into stafi_sallat_departamenti(idDepartamenti,idSalles,idStaf) values (800,500,17)
insert into stafi_sallat_departamenti(idDepartamenti,idSalles,idStaf) values (801,502,24)
insert into stafi_sallat_departamenti(idDepartamenti,idSalles,idStaf) values (804,500,21)
insert into stafi_sallat_departamenti(idDepartamenti,idSalles,idStaf) values (801,501,25)
insert into stafi_sallat_departamenti(idDepartamenti,idSalles,idStaf) values (807,502,22)
insert into stafi_sallat_departamenti(idDepartamenti,idSalles,idStaf) values (803,500,22)
insert into stafi_sallat_departamenti(idDepartamenti,idSalles,idStaf) values (805,500,15)
insert into stafi_sallat_departamenti(idDepartamenti,idSalles,idStaf) values (800,501,17)
insert into stafi_sallat_departamenti(idDepartamenti,idSalles,idStaf) values (801,501,24)
insert into stafi_sallat_departamenti(idDepartamenti,idSalles,idStaf) values (804,502,21)
insert into stafi_sallat_departamenti(idDepartamenti,idSalles,idStaf) values (801,502,25)

insert into Sallat(idSalles,emri_salles) values (500, 'salla Operacionit')
insert into Sallat(idSalles,emri_salles) values (501, 'salla Radiologjise')
insert into Sallat(idSalles,emri_salles) values (502, 'salla Laboratorike')
insert into Sallat(idSalles,emri_salles) values (503, 'salla Terapive')
insert into Sallat(idSalles,emri_salles) values (504, 'salla Ekzaminimeve')
insert into Sallat(idSalles,emri_salles) values (505, 'salla Rehabilitimit')
insert into Sallat(idSalles,emri_salles) values (506, 'salla e Gipseve')
insert into Sallat(idSalles,emri_salles) values (507, 'salla e Protezave')
insert into Sallat(idSalles,emri_salles) values (508, 'salla e Konsulteve')
insert into Sallat(idSalles,emri_salles) values (509, 'salla e Pergjithshme')

insert into salla_diagnoza values(300, 1, 502)
insert into salla_diagnoza values(300, 1, 501)
insert into salla_diagnoza values(301, 2, 502)
insert into salla_diagnoza values(301, 2, 502)
insert into salla_diagnoza values(302, 3, 502)
insert into salla_diagnoza values(302, 3, 500)
insert into salla_diagnoza values(302, 3, 501)
insert into salla_diagnoza values(306, 7, 500)
insert into salla_diagnoza values(306, 7, 501)
insert into salla_diagnoza values(306, 7, 502)
insert into salla_diagnoza values(307, 8, 500)
insert into salla_diagnoza values(307, 8, 501)
insert into salla_diagnoza values(307, 8, 502)
insert into salla_diagnoza values(308, 9, 500)
insert into salla_diagnoza values(308, 9, 501)
insert into salla_diagnoza values(308, 9, 502)
insert into salla_diagnoza values(309, 10,500)
insert into salla_diagnoza values(309, 10,501)
insert into salla_diagnoza values(309, 10,502)
insert into salla_diagnoza values(310, 11,500)
insert into salla_diagnoza values(310, 11,501)
insert into salla_diagnoza values(310, 11,502)
insert into salla_diagnoza values(311, 12,500)
insert into salla_diagnoza values(311, 12,501)
insert into salla_diagnoza values(311, 12,502)
insert into salla_diagnoza values(312, 13,500)
insert into salla_diagnoza values(312, 13,501)
insert into salla_diagnoza values(312, 13,502)
insert into salla_diagnoza values(313, 14,500)
insert into salla_diagnoza values(313, 14,501)
insert into salla_diagnoza values(313, 14,502)
insert into salla_diagnoza values(314, 15,500)
insert into salla_diagnoza values(314, 15,501)
insert into salla_diagnoza values(314, 15,502)
insert into salla_diagnoza values(316, 17,500)
insert into salla_diagnoza values(316, 17,501)
insert into salla_diagnoza values(316, 17,502)


insert into fatura(idFatura,cmimi_analizave, cmimi_medikamenteve,cmimi_dhomes) values (700, 50.0, 40.0,203.0)
insert into fatura(idFatura,cmimi_analizave, cmimi_medikamenteve,cmimi_dhomes) values (701, 54.0, 45.0,302.0)
insert into fatura(idFatura,cmimi_analizave, cmimi_medikamenteve,cmimi_dhomes) values (702, 50.0, 50.0,103.0)
insert into fatura(idFatura,cmimi_analizave, cmimi_medikamenteve,cmimi_dhomes) values (704, 30.0, 40.0,203.0)
insert into fatura(idFatura,cmimi_analizave, cmimi_medikamenteve,cmimi_dhomes) values (703, 70.0, 40.0,203.0)
insert into fatura(idFatura,cmimi_analizave, cmimi_medikamenteve,cmimi_dhomes) values (705, 80.0, 40.0,220.0)
insert into fatura(idFatura,cmimi_analizave, cmimi_medikamenteve,cmimi_dhomes) values (706, 90.0, 40.0,230.0)
insert into fatura(idFatura,cmimi_analizave, cmimi_medikamenteve,cmimi_dhomes) values (707, 1000.0,40.0,220.0)
insert into fatura(idFatura,cmimi_analizave, cmimi_medikamenteve,cmimi_dhomes) values (708, 56.0, 40.0,214.0)
insert into fatura(idFatura,cmimi_analizave, cmimi_medikamenteve,cmimi_dhomes) values (709, 53.0, 40.0,113.0)
insert into fatura(idFatura,cmimi_analizave, cmimi_medikamenteve,cmimi_dhomes) values (710, 55.0, 44.0,200.0)
insert into fatura(idFatura,cmimi_analizave, cmimi_medikamenteve,cmimi_dhomes) values (711, 51.0, 46.0,20.0)
insert into fatura(idFatura,cmimi_analizave, cmimi_medikamenteve,cmimi_dhomes) values (712, 17.0, 47.0,43.0)
insert into fatura(idFatura,cmimi_analizave, cmimi_medikamenteve,cmimi_dhomes) values (713, 59.0, 48.0,27.0)
insert into fatura(idFatura,cmimi_analizave, cmimi_medikamenteve,cmimi_dhomes) values (714, 78.0, 49.0,100.0)
insert into fatura(idFatura,cmimi_analizave, cmimi_medikamenteve,cmimi_dhomes) values (715, 60.0, 43.0,150.0)
insert into fatura(idFatura,cmimi_analizave, cmimi_medikamenteve,cmimi_dhomes) values (716, 50.0, 50.0,230.0)

                    
insert into paguhet(idPacienti, idRecepcionisti, idfatura) values (1,28,700)
insert into paguhet(idPacienti, idRecepcionisti, idfatura) values (2, 31,701)
insert into paguhet(idPacienti, idRecepcionisti, idfatura) values (3, 34,702)
--insert into paguhet(idPacienti, idRecepcionisti, idfatura) values (4, 35,703)
insert into paguhet(idPacienti, idRecepcionisti, idfatura) values (5, 36,704)
insert into paguhet(idPacienti, idRecepcionisti, idfatura) values (6, 37,705)
insert into paguhet(idPacienti, idRecepcionisti, idfatura) values (7, 38,706)
insert into paguhet(idPacienti, idRecepcionisti, idfatura) values (8, 39,707)
insert into paguhet(idPacienti, idRecepcionisti, idfatura) values (8, 39,701)
insert into paguhet(idPacienti, idRecepcionisti, idfatura) values (9, 29,708)
insert into paguhet(idPacienti, idRecepcionisti, idfatura) values (9, 39,709)
insert into paguhet(idPacienti, idRecepcionisti, idfatura) values (10, 30,705)
insert into paguhet(idPacienti, idRecepcionisti, idfatura) values (10, 30,709)
insert into paguhet(idPacienti, idRecepcionisti, idfatura) values (11, 31,706)
insert into paguhet(idPacienti, idRecepcionisti, idfatura) values (11, 31,710)
insert into paguhet(idPacienti, idRecepcionisti, idfatura) values (12, 32,705)
insert into paguhet(idPacienti, idRecepcionisti, idfatura) values (12, 32,711)
insert into paguhet(idPacienti, idRecepcionisti, idfatura) values (13, 33,712)
insert into paguhet(idPacienti, idRecepcionisti, idfatura) values (13, 33,713)
insert into paguhet(idPacienti, idRecepcionisti, idfatura) values (14, 27,712)
insert into paguhet(idPacienti, idRecepcionisti, idfatura) values (14, 27,713)
insert into paguhet(idPacienti, idRecepcionisti, idfatura) values (15, 27,714)
insert into paguhet(idPacienti, idRecepcionisti, idfatura) values (15, 28,700)
insert into paguhet(idPacienti, idRecepcionisti, idfatura) values (15, 28,714)
insert into paguhet(idPacienti, idRecepcionisti, idfatura) values (16, 39,715)
insert into paguhet(idPacienti, idRecepcionisti, idfatura) values (8, 39,701)
insert into paguhet(idPacienti, idRecepcionisti, idfatura) values (9, 29,709)
insert into paguhet(idPacienti, idRecepcionisti, idfatura) values (10, 30,705)
insert into paguhet(idPacienti, idRecepcionisti, idfatura) values (11, 31,706)
insert into paguhet(idPacienti, idRecepcionisti, idfatura) values (12, 32,705)
insert into paguhet(idPacienti, idRecepcionisti, idfatura) values (13, 33,713)
insert into paguhet(idPacienti, idRecepcionisti, idfatura) values (14, 27,712)
insert into paguhet(idPacienti, idRecepcionisti, idfatura) values (15, 28,700)
insert into paguhet(idPacienti, idRecepcionisti, idfatura) values (16, 39,712)




